sentido,t_s,posicion_mm,presion_A_bar,presion_B_bar
calentamiento,0.0000,32.0240,30.7834,0.0000
calentamiento,120.2942,73.2466,30.3150,0.0000
calentamiento,120.3536,73.2040,30.4179,0.0000
calentamiento,120.5530,73.2341,30.4761,0.0000
calentamiento,120.7539,73.2197,30.4724,0.0000
calentamiento,120.9544,73.1790,30.5168,0.0000
calentamiento,121.1540,73.2220,30.5059,0.0000
calentamiento,121.3538,73.1959,30.5693,0.0000
calentamiento,121.5519,73.1881,30.5894,0.0000
calentamiento,121.7531,73.2173,30.6505,0.0000
calentamiento,121.9550,73.1766,30.6129,0.0000
calentamiento,122.1546,73.1881,30.7030,0.0000
calentamiento,122.3536,73.1982,30.6448,0.0000
calentamiento,122.5550,73.1445,30.6482,0.0000
calentamiento,122.7555,73.2048,30.6638,0.0000
calentamiento,122.9533,73.1886,30.6803,0.0000
calentamiento,123.1602,73.1523,30.6920,0.0000
calentamiento,123.3562,73.2044,30.6735,0.0000
calentamiento,123.5563,73.1565,30.7343,0.0000
calentamiento,123.7565,73.1411,30.7492,0.0000
calentamiento,123.9564,73.1690,30.7074,0.0000
calentamiento,124.1523,73.1207,30.7027,0.0000
calentamiento,124.3568,73.1321,30.8168,0.0000
calentamiento,124.5567,73.1453,30.7401,0.0000
calentamiento,124.7563,73.1157,30.7782,0.0000
calentamiento,124.9570,73.1597,30.8505,0.0000
calentamiento,125.1562,73.1299,30.8461,0.0000
calentamiento,125.3549,73.0923,30.8758,0.0000
calentamiento,125.5573,73.1272,30.8664,0.0000
calentamiento,125.7572,73.1021,30.8197,0.0000
calentamiento,125.9481,73.0803,30.8155,0.0000
calentamiento,126.1581,73.1315,30.8977,0.0000
calentamiento,126.3474,73.0733,30.8220,0.0000
calentamiento,126.5475,73.0727,30.9056,0.0000
calentamiento,126.7582,73.1071,30.8233,0.0000
calentamiento,126.9587,73.0482,30.8990,0.0000
calentamiento,127.1581,73.0877,30.8795,0.0000
calentamiento,127.3583,73.0901,30.8419,0.0000
calentamiento,127.5588,73.0492,30.8716,0.0000
calentamiento,127.7565,73.0920,30.9301,0.0000
calentamiento,127.9590,73.0741,30.8361,0.0000
calentamiento,128.1590,73.0298,30.9173,0.0000
calentamiento,128.3497,73.0726,30.8424,0.0000
calentamiento,128.5596,73.0163,30.8941,0.0000
calentamiento,128.7598,73.0215,30.8881,0.0000
calentamiento,128.9614,73.0491,30.8693,0.0000
calentamiento,129.1606,73.0045,30.9019,0.0000
calentamiento,129.3607,73.0306,30.9432,0.0000
calentamiento,129.5597,73.0496,30.8808,0.0000
calentamiento,129.7603,73.0008,30.9353,0.0000
calentamiento,129.9611,73.0468,30.8847,0.0000
calentamiento,130.1510,73.0139,30.8784,0.0000
calentamiento,130.3610,72.9816,30.9181,0.0000
calentamiento,130.5595,73.0155,30.9915,0.0000
calentamiento,130.7603,72.9709,30.9113,0.0000
calentamiento,130.9612,72.9749,30.9228,0.0000
calentamiento,131.1615,73.0067,30.9108,0.0000
calentamiento,131.3602,72.9445,30.9466,0.0000
calentamiento,131.5630,72.9809,30.8742,0.0000
calentamiento,131.7617,72.9950,30.8925,0.0000
calentamiento,131.9516,72.9414,30.9505,0.0000
calentamiento,132.1528,72.9960,30.8850,0.0000
calentamiento,132.3622,72.9690,30.9040,0.0000
calentamiento,132.5531,72.9339,30.9732,0.0000
calentamiento,132.7626,72.9804,30.9314,0.0000
calentamiento,132.9634,72.9202,30.9789,0.0000
calentamiento,133.1482,72.9314,31.0259,0.0000
calentamiento,133.3629,72.9660,30.9403,0.0000
calentamiento,133.5478,72.9058,31.0043,0.0000
calentamiento,133.7528,72.9249,30.9870,0.0000
calentamiento,133.9470,72.9396,30.9638,0.0000
calentamiento,134.1470,72.8820,31.0079,0.0000
calentamiento,134.3534,72.9410,30.9844,0.0000
calentamiento,134.5467,72.9183,30.9886,0.0000
calentamiento,134.7479,72.8893,30.9445,0.0000
calentamiento,134.9536,72.9021,30.9711,0.0000
calentamiento,135.1485,72.8708,30.9805,0.0000
calentamiento,135.3529,72.8753,30.9776,0.0000
calentamiento,135.5482,72.9090,30.9019,0.0000
calentamiento,135.7484,72.8599,30.9108,0.0000
calentamiento,135.9484,72.8785,30.9562,0.0000
calentamiento,136.1472,72.8962,30.8996,0.0000
calentamiento,136.3494,72.8404,30.9131,0.0000
calentamiento,136.5489,72.8752,30.8615,0.0000
calentamiento,136.7484,72.8417,30.9703,0.0000
calentamiento,136.9542,72.8400,31.0891,0.0000
calentamiento,137.1498,72.8719,30.9176,0.0000
calentamiento,137.3484,72.8234,30.9207,0.0000
calentamiento,137.5496,72.8453,30.9894,0.0000
calentamiento,137.7506,72.8464,30.9030,0.0000
calentamiento,137.9505,72.7921,30.8844,0.0000
calentamiento,138.1478,72.8371,30.9792,0.0000
calentamiento,138.3513,72.8124,30.9732,0.0000
calentamiento,138.5500,72.8150,30.9077,0.0000
calentamiento,138.7507,72.8510,30.9322,0.0000
calentamiento,138.9508,72.8019,30.9865,0.0000
calentamiento,139.1498,72.8213,30.9601,0.0000
calentamiento,139.3520,72.8404,30.9241,0.0000
calentamiento,139.5515,72.7632,30.8769,0.0000
calentamiento,139.7498,72.8100,30.9301,0.0000
calentamiento,139.9514,72.7831,30.8643,0.0000
calentamiento,140.1514,72.7492,30.9382,0.0000
calentamiento,140.3518,72.8218,30.8667,0.0000
calentamiento,140.5517,72.7498,30.9716,0.0000
calentamiento,140.7522,72.7817,30.8878,0.0000
calentamiento,140.9586,72.8047,30.8434,0.0000
calentamiento,141.1526,72.7376,30.9857,0.0000
calentamiento,141.3528,72.7707,30.9335,0.0000
calentamiento,141.5544,72.7639,30.8604,0.0000
calentamiento,141.7528,72.7001,30.9941,0.0000
calentamiento,141.9541,72.7674,30.9071,0.0000
calentamiento,142.1601,72.7247,30.9165,0.0000
calentamiento,142.3530,72.7235,30.8659,0.0000
calentamiento,142.5536,72.7407,30.8510,0.0000
calentamiento,142.7539,72.7078,30.9607,0.0000
calentamiento,142.9539,72.7213,30.8628,0.0000
calentamiento,143.1545,72.7315,30.9343,0.0000
calentamiento,143.3525,72.6991,30.9218,0.0000
calentamiento,143.5539,72.7104,30.9421,0.0000
calentamiento,143.7547,72.7103,30.8883,0.0000
calentamiento,143.9545,72.6911,30.9304,0.0000
calentamiento,144.1549,72.7015,30.8771,0.0000
calentamiento,144.3605,72.6709,30.9267,0.0000
calentamiento,144.5546,72.6860,30.9393,0.0000
calentamiento,144.7556,72.6906,30.8951,0.0000
calentamiento,144.9551,72.6409,30.9103,0.0000
calentamiento,145.1552,72.6548,30.9301,0.0000
calentamiento,145.3556,72.6924,30.8481,0.0000
calentamiento,145.5557,72.6311,30.8688,0.0000
calentamiento,145.7545,72.6765,30.8414,0.0000
calentamiento,145.9607,72.6526,30.8667,0.0000
calentamiento,146.1559,72.6309,30.9309,0.0000
calentamiento,146.3562,72.6768,30.8954,0.0000
calentamiento,146.5563,72.6251,30.9254,0.0000
calentamiento,146.7569,72.6117,30.8912,0.0000
calentamiento,146.9554,72.6372,30.8581,0.0000
calentamiento,147.1567,72.6076,30.8575,0.0000
calentamiento,147.3567,72.6260,30.8756,0.0000
calentamiento,147.5568,72.6254,30.8664,0.0000
calentamiento,147.7576,72.6018,30.9173,0.0000
calentamiento,147.9580,72.6257,30.9471,0.0000
calentamiento,148.1471,72.5996,30.8763,0.0000
calentamiento,148.3485,72.5759,30.9124,0.0000
calentamiento,148.5584,72.6102,30.9160,0.0000
calentamiento,148.7476,72.5753,30.8763,0.0000
calentamiento,148.9588,72.5599,30.8826,0.0000
calentamiento,149.1584,72.5972,30.8450,0.0000
calentamiento,149.3482,72.5526,30.9319,0.0000
calentamiento,149.5589,72.5866,30.9017,0.0000
calentamiento,149.7587,72.5804,30.8967,0.0000
calentamiento,149.9485,72.5375,30.8943,0.0000
calentamiento,150.1588,72.5896,30.8949,0.0000
calentamiento,150.3593,72.5444,30.9084,0.0000
calentamiento,150.5487,72.5366,30.9019,0.0000
calentamiento,150.7606,72.5798,30.8643,0.0000
calentamiento,150.9603,72.5068,30.9306,0.0000
calentamiento,151.1590,72.5039,30.8962,0.0000
calentamiento,151.3599,72.5547,30.8440,0.0000
calentamiento,151.5599,72.4964,30.9006,0.0000
calentamiento,151.7600,72.5205,30.8761,0.0000
calentamiento,151.9608,72.5324,30.8218,0.0000
calentamiento,152.1606,72.4774,30.8808,0.0000
calentamiento,152.3503,72.5337,30.9147,0.0000
calentamiento,152.5608,72.5206,30.8980,0.0000
calentamiento,152.7615,72.4633,30.9178,0.0000
calentamiento,152.9507,72.5204,30.8993,0.0000
calentamiento,153.1613,72.4757,30.9252,0.0000
calentamiento,153.3604,72.4565,30.8881,0.0000
calentamiento,153.5530,72.4963,30.8526,0.0000
calentamiento,153.7617,72.4536,30.8056,0.0000
calentamiento,153.9619,72.4715,30.9286,0.0000
calentamiento,154.1603,72.4693,30.8735,0.0000
calentamiento,154.3620,72.4431,30.8750,0.0000
calentamiento,154.5622,72.4733,30.9539,0.0000
calentamiento,154.7526,72.4485,30.8226,0.0000
calentamiento,154.9534,72.4301,30.8612,0.0000
calentamiento,155.1633,72.4649,30.8419,0.0000
calentamiento,155.3532,72.4200,30.7782,0.0000
calentamiento,155.5468,72.4341,30.8792,0.0000
calentamiento,155.7472,72.4318,30.8669,0.0000
calentamiento,155.9468,72.4099,30.8560,0.0000
calentamiento,156.1468,72.4387,30.8416,0.0000
calentamiento,156.3471,72.4548,30.8351,0.0000
calentamiento,156.5460,72.3841,30.8842,0.0000
calentamiento,156.7472,72.4367,30.8609,0.0000
calentamiento,156.9470,72.3967,30.8753,0.0000
calentamiento,157.1474,72.3758,30.8664,0.0000
calentamiento,157.3476,72.4117,30.9199,0.0000
calentamiento,157.5480,72.3696,30.8171,0.0000
calentamiento,157.7476,72.3662,30.8635,0.0000
calentamiento,157.9479,72.3948,30.8152,0.0000
calentamiento,158.1537,72.3443,30.8800,0.0000
calentamiento,158.3474,72.3897,30.8617,0.0000
calentamiento,158.5487,72.3699,30.8630,0.0000
calentamiento,158.7487,72.3446,30.9272,0.0000
calentamiento,158.9477,72.3967,30.7868,0.0000
calentamiento,159.1489,72.3412,30.8583,0.0000
calentamiento,159.3494,72.3533,30.8964,0.0000
calentamiento,159.5494,72.3655,30.8367,0.0000
calentamiento,159.7494,72.3332,30.8985,0.0000
calentamiento,159.9498,72.3398,30.8267,0.0000
calentamiento,160.1480,72.3306,30.8111,0.0000
calentamiento,160.3506,72.2966,30.8380,0.0000
calentamiento,160.5504,72.3535,30.8714,0.0000
calentamiento,160.7516,72.3152,30.8252,0.0000
calentamiento,160.9502,72.2854,30.8296,0.0000
calentamiento,161.1504,72.3438,30.8972,0.0000
calentamiento,161.3511,72.2721,30.8805,0.0000
calentamiento,161.5510,72.2969,30.8518,0.0000
calentamiento,161.7511,72.3236,30.8056,0.0000
calentamiento,161.9514,72.2630,30.8688,0.0000
calentamiento,162.1513,72.3087,30.8599,0.0000
calentamiento,162.3513,72.2717,30.8628,0.0000
calentamiento,162.5507,72.2479,30.8061,0.0000
calentamiento,162.7515,72.2986,30.8737,0.0000
calentamiento,162.9520,72.2694,30.8492,0.0000
calentamiento,163.1528,72.2717,30.8889,0.0000
calentamiento,163.3521,72.2912,30.8239,0.0000
calentamiento,163.5525,72.2423,30.8782,0.0000
calentamiento,163.7518,72.2728,30.8309,0.0000
calentamiento,163.9512,72.2480,30.8701,0.0000
calentamiento,164.1533,72.2029,30.8865,0.0000
calentamiento,164.3528,72.2669,30.8194,0.0000
calentamiento,164.5531,72.2194,30.8244,0.0000
calentamiento,164.7546,72.1977,30.8317,0.0000
calentamiento,164.9517,72.2591,30.9155,0.0000
calentamiento,165.1521,72.1942,30.8306,0.0000
calentamiento,165.3538,72.2137,30.8547,0.0000
calentamiento,165.5551,72.2400,30.8165,0.0000
calentamiento,165.7542,72.1790,30.8560,0.0000
calentamiento,165.9542,72.2209,30.8698,0.0000
calentamiento,166.1529,72.1957,30.8753,0.0000
calentamiento,166.3549,72.1726,30.8333,0.0000
calentamiento,166.5545,72.2086,30.8061,0.0000
calentamiento,166.7541,72.1541,30.8583,0.0000
calentamiento,166.9549,72.1780,30.8641,0.0000
calentamiento,167.1601,72.1789,30.8917,0.0000
calentamiento,167.3538,72.1454,30.8173,0.0000
calentamiento,167.5554,72.1911,30.8515,0.0000
calentamiento,167.7556,72.1642,30.8246,0.0000
calentamiento,167.9552,72.1684,30.8202,0.0000
calentamiento,168.1558,72.1632,30.7745,0.0000
calentamiento,168.3559,72.1332,30.7949,0.0000
calentamiento,168.5539,72.1300,30.8857,0.0000
calentamiento,168.7560,72.1601,30.8406,0.0000
calentamiento,168.9572,72.1022,30.8333,0.0000
calentamiento,169.1567,72.1568,30.8320,0.0000
calentamiento,169.3573,72.1092,30.8531,0.0000
calentamiento,169.5577,72.1073,30.8445,0.0000
calentamiento,169.7471,72.1364,30.8220,0.0000
calentamiento,169.9576,72.1002,30.8787,0.0000
calentamiento,170.1558,72.1165,30.8416,0.0000
calentamiento,170.3558,72.1385,30.8189,0.0000
calentamiento,170.5584,72.0670,30.9045,0.0000
calentamiento,170.7582,72.0989,30.8821,0.0000
calentamiento,170.9476,72.0937,30.8202,0.0000
calentamiento,171.1573,72.0676,30.8612,0.0000
calentamiento,171.3583,72.1109,30.7803,0.0000
calentamiento,171.5480,72.0482,30.7957,0.0000
calentamiento,171.7588,72.0630,30.8066,0.0000
calentamiento,171.9585,72.0701,30.8124,0.0000
calentamiento,172.1486,72.0237,30.8484,0.0000
calentamiento,172.3593,72.0758,30.8954,0.0000
calentamiento,172.5590,72.0447,30.8753,0.0000
calentamiento,172.7497,72.0356,30.8630,0.0000
calentamiento,172.9589,72.0629,30.8398,0.0000
calentamiento,173.1603,72.0257,30.8212,0.0000
calentamiento,173.3499,72.0402,30.8411,0.0000
calentamiento,173.5599,72.0403,30.8497,0.0000
calentamiento,173.7599,72.0024,30.8573,0.0000
calentamiento,173.9498,72.0391,30.7980,0.0000
calentamiento,174.1608,72.0138,30.8776,0.0000
calentamiento,174.3614,71.9972,30.8568,0.0000
calentamiento,174.5614,72.0466,30.7816,0.0000
calentamiento,174.7611,71.9971,30.8241,0.0000
calentamiento,174.9613,71.9948,30.8847,0.0000
calentamiento,175.1593,72.0101,30.8179,0.0000
calentamiento,175.3523,71.9608,30.8500,0.0000
calentamiento,175.5611,72.0018,30.7878,0.0000
calentamiento,175.7494,71.9840,30.8547,0.0000
calentamiento,175.9500,71.9482,30.8711,0.0000
calentamiento,176.1537,71.9698,30.8549,0.0000
calentamiento,176.3462,71.9541,30.8239,0.0000
calentamiento,176.5477,71.9405,30.8847,0.0000
calentamiento,176.7527,71.9851,30.7912,0.0000
calentamiento,176.9544,71.9374,30.7787,0.0000
calentamiento,177.1493,71.9471,30.8672,0.0000
calentamiento,177.3479,71.9710,30.7962,0.0000
calentamiento,177.5533,71.9176,30.8526,0.0000
calentamiento,177.7531,71.9396,30.8030,0.0000
calentamiento,177.9500,71.9274,30.7813,0.0000
calentamiento,178.1471,71.9153,30.8077,0.0000
calentamiento,178.3560,71.9535,30.7743,0.0000
calentamiento,178.5503,71.8765,30.8283,0.0000
calentamiento,178.7567,71.9157,30.7980,0.0000
calentamiento,178.9523,71.9319,30.7797,0.0000
calentamiento,179.1498,71.8686,30.8293,0.0000
calentamiento,179.3542,71.9163,30.8194,0.0000
calentamiento,179.5521,71.9129,30.7635,0.0000
calentamiento,179.7509,71.8669,30.8218,0.0000
calentamiento,179.9518,71.9107,30.7753,0.0000
extendiendo,0.0000,27.0052,34.6531,58.4386
extendiendo,0.0141,27.3239,32.7253,57.2468
extendiendo,0.1185,27.6960,30.4717,52.5329
extendiendo,0.2119,28.1442,28.7141,49.2546
extendiendo,0.3156,28.5971,27.3131,46.7245
extendiendo,0.4171,29.0796,26.0197,44.5199
extendiendo,0.5186,29.5017,24.9994,42.7841
extendiendo,0.6116,29.9062,24.1154,41.2383
extendiendo,0.7160,30.2950,23.4334,39.9911
extendiendo,0.8211,30.7038,22.7870,38.8877
extendiendo,0.9160,31.1908,22.0967,37.8596
extendiendo,1.0124,31.6297,21.7202,37.0373
extendiendo,1.1156,31.9990,21.1902,36.2298
extendiendo,1.2194,32.3585,20.8639,35.5489
extendiendo,1.3136,32.7740,20.4963,34.8876
extendiendo,1.4183,33.2096,20.0874,34.2945
extendiendo,1.5188,33.6356,19.7668,33.7064
extendiendo,1.6117,34.0074,19.5867,33.2006
extendiendo,1.7158,34.3663,19.2191,32.7397
extendiendo,1.8210,34.7605,18.9533,32.2700
extendiendo,1.9147,35.1913,18.7387,31.8717
extendiendo,2.0116,35.5777,18.3648,31.4210
extendiendo,2.1156,35.9752,18.0808,30.9836
extendiendo,2.2195,36.3002,17.9852,30.6476
extendiendo,2.3150,36.6904,17.7753,30.2589
extendiendo,2.4183,37.0933,17.5983,29.9643
extendiendo,2.5167,37.5450,17.3466,29.4969
extendiendo,2.6171,37.8792,17.1973,29.2334
extendiendo,2.7197,38.2204,16.8286,28.9179
extendiendo,2.8125,38.5682,16.7910,28.6371
extendiendo,2.9171,38.9723,16.5696,28.3992
extendiendo,3.0211,39.3252,16.4783,28.1430
extendiendo,3.1183,39.7237,16.2407,27.8366
extendiendo,3.2134,40.0001,16.2475,27.6630
extendiendo,3.3170,40.4040,16.0255,27.3334
extendiendo,3.4205,40.7833,15.9759,27.1442
extendiendo,3.5128,41.1697,15.9274,26.9659
extendiendo,3.6127,41.5088,15.6830,26.7068
extendiendo,3.7163,41.8427,15.6031,26.5133
extendiendo,3.8196,42.1556,15.4841,26.3435
extendiendo,3.9126,42.5781,15.3807,26.1158
extendiendo,4.0162,42.9543,15.1713,25.8649
extendiendo,4.1194,43.3059,15.1086,25.7410
extendiendo,4.2215,43.5948,15.0068,25.5644
extendiendo,4.3155,43.9375,15.0011,25.4449
extendiendo,4.4199,44.3372,14.8705,25.2877
extendiendo,4.5135,44.6995,14.8240,25.1461
extendiendo,4.6182,45.0405,14.7765,25.0060
extendiendo,4.7143,45.3723,14.5572,24.8239
extendiendo,4.8180,45.6788,14.5875,24.7513
extendiendo,4.9108,46.0594,14.5181,24.5709
extendiendo,5.0130,46.4496,14.4178,24.4252
extendiendo,5.1162,46.7824,14.3280,24.3163
extendiendo,5.2175,47.0853,14.2528,24.1905
extendiendo,5.3214,47.3675,14.2303,24.1065
extendiendo,5.4165,47.7631,14.1040,23.9438
extendiendo,5.5188,48.1092,14.0732,23.8069
extendiendo,5.6126,48.4706,13.9165,23.6815
extendiendo,5.7109,48.7478,13.9061,23.6204
extendiendo,5.8133,49.0892,13.8617,23.5281
extendiendo,5.9155,49.4040,13.8434,23.3965
extendiendo,6.0194,49.8084,13.7526,23.2734
extendiendo,6.1134,50.1353,13.6915,23.1856
extendiendo,6.2162,50.4396,13.5787,23.0760
extendiendo,6.3158,50.7289,13.5484,22.9911
extendiendo,6.4200,51.0833,13.4978,22.8575
extendiendo,6.5134,51.4534,13.3871,22.7403
extendiendo,6.6168,51.8123,13.3333,22.6410
extendiendo,6.7210,52.1048,13.2696,22.5496
extendiendo,6.8193,52.4038,13.2722,22.4735
extendiendo,6.9127,52.7431,13.2221,22.3810
extendiendo,7.0170,53.1261,13.1693,22.2770
extendiendo,7.1203,53.4535,13.0795,22.1895
extendiendo,7.2145,53.7678,13.0299,22.1207
extendiendo,7.3161,54.0340,12.9453,22.0153
extendiendo,7.4211,54.3881,12.9871,21.9794
extendiendo,7.5153,54.7437,12.9317,21.8581
extendiendo,7.6192,55.0742,12.9009,21.8123
extendiendo,7.7127,55.3786,12.7991,21.7130
extendiendo,7.8206,55.6659,12.9035,21.6992
extendiendo,7.9114,55.9970,12.7699,21.5817
extendiendo,8.0147,56.3399,12.7250,21.5127
extendiendo,8.1184,56.6799,12.5521,21.3722
extendiendo,8.2126,56.9823,12.5250,21.3440
extendiendo,8.3171,57.2847,12.5767,21.2774
extendiendo,8.4188,57.6029,12.4686,21.2072
extendiendo,8.5116,57.9798,12.5338,21.1863
extendiendo,8.6160,58.2835,12.4190,21.1055
extendiendo,8.7193,58.5982,12.3840,21.0259
extendiendo,8.8121,58.8800,12.3124,20.9601
extendiendo,8.9174,59.2026,12.3145,20.9398
extendiendo,9.0207,59.5608,12.3495,20.9014
extendiendo,9.1135,59.9025,12.1443,20.7521
extendiendo,9.2177,60.1700,12.2038,20.7395
extendiendo,9.3206,60.4884,12.1229,20.6561
extendiendo,9.4230,60.8134,12.1605,20.6105
extendiendo,9.5160,61.1609,12.0555,20.5395
extendiendo,9.6208,61.4815,12.1605,20.5500
extendiendo,9.7137,61.7677,12.0811,20.4554
extendiendo,9.8177,62.0608,12.1192,20.4407
extendiendo,9.9217,62.3623,11.9788,20.3500
extendiendo,10.0201,62.6916,11.9913,20.3429
extendiendo,10.1141,63.0503,12.0112,20.2848
extendiendo,10.2168,63.3464,11.9005,20.2010
extendiendo,10.3206,63.6279,11.8289,20.1161
extendiendo,10.4145,63.9051,11.9088,20.1441
extendiendo,10.5109,64.2488,11.8341,20.0765
extendiendo,10.6157,64.5733,11.7804,20.0354
extendiendo,10.7189,64.9092,11.7396,19.9775
extendiendo,10.8121,65.2070,11.7266,19.8891
extendiendo,10.9160,65.4788,11.7939,19.8944
extendiendo,11.0184,65.8052,11.7067,19.8559
extendiendo,11.1210,66.1193,11.6822,19.8118
extendiendo,11.2141,66.4792,11.6550,19.7537
extendiendo,11.3194,66.7692,11.5376,19.7011
extendiendo,11.4129,67.0294,11.6007,19.6832
extendiendo,11.5149,67.3633,11.4974,19.6268
extendiendo,11.6197,67.6662,11.5057,19.6294
extendiendo,11.7130,68.0198,11.4279,19.5416
extendiendo,11.8163,68.3111,11.4864,19.5563
extendiendo,11.9210,68.5698,11.4509,19.5078
extendiendo,12.0151,68.8921,11.4336,19.4669
extendiendo,12.1168,69.2232,11.4102,19.4323
extendiendo,12.2213,69.5391,11.3715,19.3950
extendiendo,12.3147,69.8399,11.3021,19.3060
extendiendo,12.4203,70.0986,11.2707,19.2898
extendiendo,12.5134,70.3920,11.3005,19.2801
extendiendo,12.6196,70.7497,11.3141,19.2416
extendiendo,12.7125,71.0864,11.2739,19.2040
extendiendo,12.8172,71.3832,11.2545,19.1744
extendiendo,12.9114,71.6312,11.2154,19.1738
extendiendo,13.0156,71.9200,11.2300,19.0936
extendiendo,13.1205,72.2508,11.1799,19.0786
extendiendo,13.2209,72.6001,11.0880,19.0463
extendiendo,13.3155,72.8942,11.1141,18.9884
extendiendo,13.4193,73.1915,11.0634,18.9682
extendiendo,13.5120,73.4423,11.1052,18.9479
extendiendo,13.6159,73.7813,11.1157,18.9306
extendiendo,13.7181,74.1225,11.1668,18.9220
extendiendo,13.8109,74.4509,11.0697,18.8454
extendiendo,13.9136,74.7157,11.0232,18.8036
extendiendo,14.0173,74.9829,11.0530,18.8001
extendiendo,14.1207,75.2953,11.0843,18.8236
extendiendo,14.2129,75.6185,10.9366,18.7331
extendiendo,14.3157,75.9593,10.9214,18.7120
extendiendo,14.4178,76.2331,10.9642,18.6908
extendiendo,14.5205,76.4940,10.8963,18.6594
extendiendo,14.6131,76.7602,10.9830,18.6897
extendiendo,14.7175,77.1024,10.9073,18.6118
extendiendo,14.8198,77.4216,10.9329,18.6400
extendiendo,14.9126,77.7155,10.9073,18.5816
extendiendo,15.0154,77.9902,10.8984,18.5460
extendiendo,15.1179,78.2664,10.9193,18.5446
extendiendo,15.2107,78.6268,10.7966,18.4858
extendiendo,15.3124,78.9537,10.7402,18.4694
extendiendo,15.4163,79.2180,10.7590,18.4179
extendiendo,15.5209,79.4942,10.7141,18.3519
extendiendo,15.6147,79.7364,10.8864,18.4802
extendiendo,15.7193,80.1272,10.7527,18.3803
extendiendo,15.8155,80.4342,10.7073,18.3245
extendiendo,15.9207,80.7441,10.6551,18.2673
extendiendo,16.0135,80.9931,10.6749,18.2952
extendiendo,16.1187,81.2654,10.6290,18.2696
extendiendo,16.2129,81.5817,10.7491,18.2987
extendiendo,16.3137,81.9268,10.6692,18.2370
extendiendo,16.4114,82.2287,10.5303,18.1536
extendiendo,16.5147,82.4656,10.6635,18.2135
extendiendo,16.6177,82.7462,10.6139,18.1630
extendiendo,16.7122,83.1015,10.5663,18.1383
extendiendo,16.8157,83.3864,10.5387,18.0654
extendiendo,16.9195,83.7252,10.5575,18.0831
extendiendo,17.0131,83.9747,10.4807,18.0399
extendiendo,17.1166,84.2516,10.5632,18.0663
extendiendo,17.2205,84.5484,10.6149,18.0505
extendiendo,17.3141,84.8933,10.5110,17.9964
extendiendo,17.4207,85.1761,10.5371,18.0117
extendiendo,17.5134,85.4612,10.4039,17.9241
extendiendo,17.6184,85.7124,10.4384,17.9297
extendiendo,17.7121,86.0015,10.5032,17.9494
extendiendo,17.8166,86.3456,10.5423,17.9362
extendiendo,17.9162,86.6575,10.4603,17.8883
extendiendo,18.0109,86.9332,10.5256,17.9394
extendiendo,18.1140,87.1749,10.4431,17.8948
extendiendo,18.2182,87.4999,10.4468,17.8771
extendiendo,18.3120,87.8239,10.4337,17.8287
extendiendo,18.4169,88.1450,10.3710,17.7820
extendiendo,18.5182,88.3931,10.3810,17.7955
extendiendo,18.6218,88.6554,10.3705,17.7640
extendiendo,18.7158,88.9399,10.4504,17.7828
extendiendo,18.8190,89.2940,10.3632,17.7065
extendiendo,18.9122,89.5891,10.3825,17.7156
extendiendo,19.0152,89.8917,10.3815,17.6938
extendiendo,19.1179,90.1126,10.3888,17.7194
extendiendo,19.2122,90.3912,10.3815,17.7100
extendiendo,19.3165,90.6958,10.3585,17.6656
extendiendo,19.4210,91.0523,10.3606,17.6310
extendiendo,19.5182,91.3207,10.2583,17.5928
extendiendo,19.6220,91.6066,10.2932,17.5904
extendiendo,19.7160,91.8358,10.3230,17.6498
extendiendo,19.8201,92.1750,10.2953,17.6245
extendiendo,19.9140,92.5158,10.3037,17.5696
extendiendo,20.0140,92.8138,10.1852,17.4947
extendiendo,20.1136,93.0978,10.1329,17.3751
extendiendo,20.2177,93.3230,10.1893,17.3828
extendiendo,20.3119,93.6291,10.0891,17.3081
extendiendo,20.4151,93.9555,9.9961,17.0922
extendiendo,20.5182,94.2397,9.6640,16.6014
extendiendo,20.6206,94.4957,9.3753,15.9865
extendiendo,20.7140,94.7103,9.1095,15.4924
extendiendo,20.8176,94.9955,8.8364,15.1376
extendiendo,20.9215,95.2831,8.6323,14.8814
extendiendo,21.0152,95.5969,8.5205,14.7084
extendiendo,21.1189,95.8430,8.4881,14.5894
extendiendo,21.2117,96.0684,8.4438,14.5151
extendiendo,21.3146,96.3075,8.4970,14.5418
extendiendo,21.4202,96.6007,8.4380,14.4810
extendiendo,21.5121,96.9189,8.3237,14.4232
extendiendo,21.6161,97.1628,8.3545,14.4070
extendiendo,21.7187,97.3897,8.3733,14.4205
extendiendo,21.8126,97.6135,8.4573,14.4458
extendiendo,21.9163,97.9064,8.3868,14.4149
extendiendo,22.0198,98.2171,8.3649,14.3956
extendiendo,22.1139,98.4826,8.3461,14.3906
extendiendo,22.2126,98.7221,8.3425,14.3812
extendiendo,22.3169,98.9372,8.4098,14.4158
extendiendo,22.4210,99.2265,8.2960,14.3518
extendiendo,22.5132,99.5704,8.3049,14.3488
extendiendo,22.6168,99.8048,8.3811,14.4105
extendiendo,22.7192,100.0514,8.3545,14.3812
extendiendo,22.8121,100.2523,8.3701,14.3870
extendiendo,22.9146,100.5378,8.3263,14.3732
extendiendo,23.0182,100.8212,8.3717,14.3988
extendiendo,23.1118,101.1287,8.2761,14.3512
extendiendo,23.2169,101.3734,8.3466,14.3932
extendiendo,23.3201,101.6360,8.3435,14.3832
extendiendo,23.4132,101.8522,8.3320,14.3929
extendiendo,23.5172,102.1651,8.4276,14.4299
extendiendo,23.6115,102.4257,8.4109,14.4290
extendiendo,23.7202,102.6820,8.3691,14.4003
extendiendo,23.8171,102.9102,8.3184,14.3776
extendiendo,23.9201,103.1662,8.3639,14.4047
extendiendo,24.0148,103.4628,8.4176,14.4335
extendiendo,24.1187,103.7761,8.2573,14.3550
extendiendo,24.2126,104.0008,8.3148,14.3741
extendiendo,24.3189,104.2520,8.3174,14.3721
extendiendo,24.4127,104.4826,8.3184,14.3541
extendiendo,24.5169,104.7872,8.3445,14.4058
extendiendo,24.6210,105.0903,8.3576,14.3970
extendiendo,24.7149,105.3588,8.3832,14.3820
extendiendo,24.8189,105.5900,8.2814,14.3444
extendiendo,24.9123,105.7866,8.4505,14.4220
extendiendo,25.0161,106.0924,8.3513,14.3515
extendiendo,25.1190,106.3946,8.2370,14.3165
extendiendo,25.2110,106.6686,8.3252,14.3674
extendiendo,25.3215,106.8717,8.3273,14.3929
extendiendo,25.4190,107.1441,8.2845,14.3726
extendiendo,25.5105,107.3965,8.4161,14.4100
extendiendo,25.6147,107.7032,8.3038,14.3688
extendiendo,25.7197,108.0027,8.3237,14.3958
extendiendo,25.8131,108.2508,8.3806,14.4029
extendiendo,25.9141,108.4488,8.2782,14.3806
extendiendo,26.0188,108.7039,8.2714,14.3656
extendiendo,26.1125,108.9966,8.3602,14.3847
extendiendo,26.2167,109.3172,8.3691,14.3911
extendiendo,26.3207,109.5320,8.3545,14.4094
extendiendo,26.4174,109.7987,8.3090,14.3859
extendiendo,26.5196,110.0560,8.3743,14.3823
extendiendo,26.6141,110.3276,8.3059,14.3862
extendiendo,26.7188,110.6122,8.3106,14.3342
extendiendo,26.8117,110.8862,8.2610,14.3494
extendiendo,26.9199,111.1093,8.2443,14.3544
extendiendo,27.0124,111.3486,8.3743,14.4014
extendiendo,27.1160,111.6182,8.3659,14.3735
extendiendo,27.2208,111.9352,8.3038,14.3853
extendiendo,27.3146,112.1760,8.3351,14.3735
extendiendo,27.4241,112.4750,8.1889,14.3045
extendiendo,27.5201,112.6560,8.3419,14.3976
extendiendo,27.6149,112.9310,8.4255,14.4376
extendiendo,27.7195,113.2324,8.4197,14.4361
extendiendo,27.8134,113.5399,8.2814,14.3409
extendiendo,27.9167,113.7605,8.2652,14.3647
extendiendo,28.0125,114.0003,8.2088,14.3371
extendiendo,28.1156,114.2421,8.4129,14.4320
extendiendo,28.2186,114.5396,8.3639,14.4064
extendiendo,28.3124,114.8102,8.2599,14.3691
extendiendo,28.4175,115.0794,8.3414,14.4194
extendiendo,28.5196,115.3158,8.2798,14.3935
extendiendo,28.6133,115.5359,8.3947,14.4264
extendiendo,28.7184,115.8575,8.4150,14.4763
extendiendo,28.8127,116.1502,8.3388,14.4023
extendiendo,28.9166,116.4033,8.3179,14.4000
extendiendo,29.0123,116.6363,8.3519,14.4423
extendiendo,29.1200,116.8863,8.3158,14.4108
extendiendo,29.2138,117.1588,8.3947,14.4249
extendiendo,29.3178,117.4908,8.2892,14.3911
extendiendo,29.4116,117.7369,8.2730,14.3791
extendiendo,29.5165,117.9879,8.3205,14.4070
extendiendo,29.6193,118.1612,8.2793,14.3935
extendiendo,29.7133,118.4789,8.3837,14.4229
extendiendo,29.8169,118.7837,8.3367,14.4085
extendiendo,29.9211,119.0567,8.2709,14.3735
extendiendo,30.0155,119.2890,8.1921,14.3412
extendiendo,30.1200,119.5108,8.3310,14.4214
extendiendo,30.2136,119.7657,8.3059,14.4132
extendiendo,30.3189,120.0807,8.2787,14.3835
extendiendo,30.4123,120.3460,8.2302,14.3747
extendiendo,30.5171,120.5989,8.2526,14.3973
extendiendo,30.6129,120.8052,8.2720,14.4223
extendiendo,30.7152,121.0947,8.3184,14.4135
extendiendo,30.8188,121.3731,8.2761,14.4029
extendiendo,30.9131,121.6791,8.2673,14.4088
extendiendo,31.0185,121.8927,8.3216,14.4226
extendiendo,31.1112,122.1458,8.2850,14.4076
extendiendo,31.2180,122.3919,8.2485,14.3838
extendiendo,31.3215,122.7096,8.3174,14.4073
extendiendo,31.4152,122.9958,8.1832,14.3283
extendiendo,31.5201,123.2606,8.2187,14.3703
extendiendo,31.6136,123.4642,8.3174,14.4349
extendiendo,31.7111,123.7112,8.3644,14.4311
extendiendo,31.8150,124.0093,8.2615,14.3864
retrayendo,0.0000,124.3296,8.6892,15.0280
retrayendo,0.0002,124.3394,8.8939,15.3162
retrayendo,0.0004,124.2746,9.1821,15.6505
retrayendo,0.0005,124.2629,9.2630,15.8808
retrayendo,0.0006,124.3114,9.4578,16.1734
retrayendo,0.0007,124.3573,9.5904,16.4210
retrayendo,0.0008,124.3566,9.6661,16.6498
retrayendo,0.0009,124.3279,9.8776,16.9597
retrayendo,0.0010,124.2971,10.0995,17.2512
retrayendo,0.0071,124.2430,12.4336,19.9578
retrayendo,0.0897,124.0151,15.9070,25.7057
retrayendo,0.1884,123.7724,17.6286,28.7502
retrayendo,0.2907,123.4717,18.5585,30.4135
retrayendo,0.3950,123.1907,19.1366,31.2918
retrayendo,0.4886,122.9829,19.4154,31.7644
retrayendo,0.5930,122.7742,19.5882,32.0256
retrayendo,0.6862,122.5269,19.6519,32.1634
retrayendo,0.7861,122.2135,19.6807,32.2679
retrayendo,0.8907,121.9611,19.6812,32.3132
retrayendo,0.9950,121.7233,19.6739,32.3749
retrayendo,1.0882,121.5158,19.8201,32.4788
retrayendo,1.1911,121.2583,19.8989,32.5699
retrayendo,1.2879,120.9612,19.9177,32.6416
retrayendo,1.3924,120.6809,19.9308,32.7047
retrayendo,1.4867,120.4562,19.8039,32.7006
retrayendo,1.5908,120.2753,19.8927,32.7667
retrayendo,1.6951,120.0135,19.9104,32.8014
retrayendo,1.8004,119.7084,19.9757,32.8904
retrayendo,1.8940,119.4366,20.0775,32.9885
retrayendo,1.9874,119.1723,20.0765,33.0343
retrayendo,2.0916,118.9820,20.0493,33.0713
retrayendo,2.1946,118.7398,20.1329,33.1213
retrayendo,2.2881,118.4500,20.1819,33.1595
retrayendo,2.3888,118.1444,20.1438,33.2594
retrayendo,2.4922,117.9238,20.1746,33.2793
retrayendo,2.5862,117.6925,20.1945,33.3422
retrayendo,2.6900,117.4615,20.1637,33.3648
retrayendo,2.7937,117.1780,20.3323,33.4829
retrayendo,2.8918,116.8957,20.3276,33.4735
retrayendo,2.9859,116.6455,20.3360,33.5446
retrayendo,3.0893,116.4431,20.3323,33.5699
retrayendo,3.1930,116.1698,20.3966,33.6677
retrayendo,3.2873,115.8871,20.4462,33.7361
retrayendo,3.3953,115.5835,20.4869,33.7637
retrayendo,3.4881,115.3398,20.5198,33.8475
retrayendo,3.5922,115.1303,20.5558,33.9088
retrayendo,3.6862,114.8988,20.5365,33.8906
retrayendo,3.7883,114.6129,20.4519,33.9200
retrayendo,3.8869,114.2882,20.6033,33.9949
retrayendo,3.9937,114.0540,20.6837,34.0795
retrayendo,4.0862,113.8331,20.7506,34.1477
retrayendo,4.1913,113.6428,20.6613,34.1151
retrayendo,4.2944,113.3273,20.7380,34.1797
retrayendo,4.3890,113.0378,20.6550,34.2173
retrayendo,4.4942,112.7016,20.8446,34.3327
retrayendo,4.5880,112.5594,20.6707,34.2757
retrayendo,4.6926,112.2747,20.7375,34.3562
retrayendo,4.7860,112.0388,20.7004,34.3313
retrayendo,4.8913,111.7240,20.8957,34.4843
retrayendo,4.9902,111.4631,20.8921,34.5293
retrayendo,5.0941,111.2639,20.8863,34.5363
retrayendo,5.1879,111.0251,20.8446,34.5387
retrayendo,5.2928,110.7285,20.9224,34.6259
retrayendo,5.3863,110.4472,21.0164,34.7099
retrayendo,5.4888,110.1608,21.0336,34.7275
retrayendo,5.5862,109.9502,21.1083,34.7866
retrayendo,5.6886,109.7227,21.0284,34.7425
retrayendo,5.7921,109.4441,21.0654,34.7784
retrayendo,5.8857,109.1211,20.9861,34.8174
retrayendo,5.9900,108.8590,21.0331,34.8794
retrayendo,6.0876,108.6274,21.1526,34.9925
retrayendo,6.1921,108.4071,21.1819,34.9822
retrayendo,6.2948,108.1306,21.0367,34.9294
retrayendo,6.3866,107.8481,21.1333,35.0066
retrayendo,6.4903,107.5392,21.2158,35.0950
retrayendo,6.5947,107.3203,21.2184,35.1338
retrayendo,6.6879,107.0909,21.2096,35.0965
retrayendo,6.7923,106.8167,21.2362,35.1635
retrayendo,6.8869,106.5329,21.2404,35.2075
retrayendo,6.9900,106.2441,21.2414,35.2269
retrayendo,7.0875,106.0230,21.3150,35.2933
retrayendo,7.1897,105.7803,21.2847,35.3180
retrayendo,7.2935,105.5255,21.3448,35.3409
retrayendo,7.3884,105.2190,21.3422,35.3588
retrayendo,7.4933,104.9282,21.3860,35.4135
retrayendo,7.5857,104.6773,21.4216,35.4678
retrayendo,7.6937,104.4678,21.3824,35.4596
retrayendo,7.7863,104.1780,21.5307,35.5838
retrayendo,7.8894,103.9004,21.3208,35.4796
retrayendo,7.9944,103.5992,21.5933,35.6540
retrayendo,8.0870,103.3565,21.5594,35.6220
retrayendo,8.1863,103.1198,21.5150,35.6367
retrayendo,8.2899,102.8704,21.6174,35.6761
retrayendo,8.3939,102.5898,21.5552,35.6949
retrayendo,8.4874,102.2952,21.5469,35.6878
retrayendo,8.5926,102.0236,21.5349,35.7287
retrayendo,8.6915,101.8129,21.5521,35.7530
retrayendo,8.7892,101.5527,21.6048,35.8232
retrayendo,8.8930,101.3134,21.6064,35.8291
retrayendo,8.9865,100.9703,21.6106,35.8623
retrayendo,9.0911,100.7234,21.6774,35.9040
retrayendo,9.1917,100.4805,21.7093,35.9293
retrayendo,9.2904,100.2434,21.6675,35.9087
retrayendo,9.3950,99.9669,21.6351,35.9390
retrayendo,9.4892,99.6524,21.7354,36.0130
retrayendo,9.5936,99.3862,21.7161,36.0162
retrayendo,9.6872,99.2085,21.7427,36.0800
retrayendo,9.7908,98.9197,21.7667,36.1161
retrayendo,9.8948,98.6520,21.7443,36.0938
retrayendo,9.9887,98.3362,21.8299,36.1552
retrayendo,10.0921,98.0812,21.8247,36.1640
retrayendo,10.1862,97.8256,21.8581,36.2078
retrayendo,10.2940,97.5882,21.8194,36.1857
retrayendo,10.3872,97.3198,21.8670,36.2034
retrayendo,10.4924,97.0021,21.9014,36.2674
retrayendo,10.5854,96.7165,21.9583,36.3300
retrayendo,10.6887,96.4665,21.9061,36.2953
retrayendo,10.7897,96.2369,21.9891,36.3690
retrayendo,10.8938,95.9442,21.8398,36.2974
retrayendo,10.9874,95.6969,21.9615,36.3923
retrayendo,11.0928,95.3998,21.9714,36.3414
retrayendo,11.1952,95.1372,22.0528,36.4789
retrayendo,11.2886,94.9091,22.0247,36.4563
retrayendo,11.3918,94.6467,21.9515,36.4187
retrayendo,11.4846,94.3426,22.0868,36.4977
retrayendo,11.5873,94.0659,22.1139,36.5427
retrayendo,11.6913,93.8058,22.0669,36.5112
retrayendo,11.7853,93.5970,21.9829,36.4816
retrayendo,11.8894,93.3429,22.0591,36.5582
retrayendo,11.9930,93.0497,22.0273,36.5197
retrayendo,12.0951,92.7248,22.0575,36.6017
retrayendo,12.1886,92.4643,22.1301,36.6358
retrayendo,12.2933,92.2496,22.1108,36.6552
retrayendo,12.3919,92.0127,22.1395,36.6652
retrayendo,12.4959,91.7081,22.1400,36.7028
retrayendo,12.5882,91.3991,22.1155,36.7063
retrayendo,12.6909,91.1227,22.0847,36.6983
retrayendo,12.7937,90.8761,22.2366,36.7157
retrayendo,12.8856,90.6883,22.1380,36.7324
retrayendo,12.9860,90.3633,22.1776,36.7459
retrayendo,13.0888,90.0619,22.1166,36.6916
retrayendo,13.1915,89.7835,22.2805,36.8267
retrayendo,13.2944,89.5253,22.3202,36.8743
retrayendo,13.3883,89.3037,22.2675,36.8285
retrayendo,13.4902,89.0374,22.2528,36.8320
retrayendo,13.5932,88.7345,22.2205,36.8476
retrayendo,13.6867,88.4450,22.1823,36.8402
retrayendo,13.7903,88.2050,22.3118,36.9113
retrayendo,13.8945,88.0079,22.2648,36.9016
retrayendo,13.9869,87.7193,22.1787,36.8737
retrayendo,14.0894,87.4388,22.3071,36.9560
retrayendo,14.1924,87.1082,22.4126,37.0397
retrayendo,14.2853,86.8492,22.3312,36.9898
retrayendo,14.3892,86.6189,22.3792,37.0033
retrayendo,14.4990,86.3791,22.2868,36.9994
retrayendo,14.5933,86.0932,22.3562,37.0417
retrayendo,14.6875,85.7780,22.3541,37.0077
retrayendo,14.7911,85.5299,22.3996,37.0782
retrayendo,14.8952,85.2654,22.4283,37.0964
retrayendo,14.9891,85.0147,22.4272,37.1046
retrayendo,15.0851,84.7521,22.3484,37.0697
retrayendo,15.1885,84.4218,22.4617,37.1413
retrayendo,15.2937,84.1417,22.4398,37.1957
retrayendo,15.3876,83.9216,22.4836,37.1968
retrayendo,15.4924,83.6985,22.4972,37.2303
retrayendo,15.5871,83.3740,22.5531,37.2450
retrayendo,15.6896,83.1041,22.5056,37.2394
retrayendo,15.7939,82.8068,22.5066,37.2580
retrayendo,15.8867,82.5758,22.4565,37.2233
retrayendo,15.9916,82.3292,22.6330,37.3267
retrayendo,16.0940,82.0683,22.4460,37.2342
retrayendo,16.1862,81.7545,22.4998,37.2430
retrayendo,16.2906,81.4715,22.5912,37.2841
retrayendo,16.3955,81.2242,22.5750,37.3299
retrayendo,16.4896,81.0157,22.5437,37.3235
retrayendo,16.5945,80.7038,22.5656,37.3558
retrayendo,16.6906,80.4148,22.4925,37.3320
retrayendo,16.7946,80.1291,22.6319,37.4104
retrayendo,16.8892,79.8706,22.6043,37.4104
retrayendo,16.9936,79.6425,22.4915,37.3473
retrayendo,17.0876,79.3617,22.5907,37.3948
retrayendo,17.1919,79.0962,22.5802,37.3910
retrayendo,17.2951,78.7671,22.6700,37.4457
retrayendo,17.3890,78.5047,22.6894,37.5015
retrayendo,17.4932,78.2642,22.6178,37.4518
retrayendo,17.5872,78.0152,22.5781,37.4636
retrayendo,17.6962,77.7225,22.5526,37.4747
retrayendo,17.7898,77.4065,22.6821,37.5153
retrayendo,17.8944,77.1429,22.7395,37.5270
retrayendo,17.9877,76.8985,22.7395,37.5358
retrayendo,18.0905,76.6692,22.5933,37.4706
retrayendo,18.1985,76.4063,22.7254,37.5494
retrayendo,18.2858,76.0782,22.6612,37.5640
retrayendo,18.3906,75.8032,22.6998,37.5855
retrayendo,18.4937,75.5513,22.6758,37.5317
retrayendo,18.5885,75.3353,22.6972,37.5740
retrayendo,18.6928,75.0346,22.7520,37.5905
retrayendo,18.7886,74.7341,22.7447,37.5761
retrayendo,18.8927,74.4526,22.8371,37.6627
retrayendo,18.9863,74.1958,22.8178,37.6369
retrayendo,19.0915,73.9725,22.6800,37.5908
retrayendo,19.1845,73.6934,22.6706,37.6190
retrayendo,19.2909,73.3833,22.6977,37.6343
retrayendo,19.3852,73.0930,22.7374,37.6821
retrayendo,19.4904,72.8367,22.8800,37.7341
retrayendo,19.5947,72.6190,22.7693,37.6907
retrayendo,19.6896,72.3368,22.7056,37.6372
retrayendo,19.7999,72.0445,22.7834,37.7018
retrayendo,19.8849,71.7298,22.7807,37.7003
retrayendo,19.9879,71.4905,22.8408,37.7385
retrayendo,20.0912,71.2463,22.7583,37.6895
retrayendo,20.1933,70.9682,22.7489,37.7197
retrayendo,20.2871,70.7000,22.7886,37.7573
retrayendo,20.3892,70.3503,22.8131,37.7970
retrayendo,20.4922,70.1275,22.8591,37.7879
retrayendo,20.5865,69.8896,22.8220,37.7723
retrayendo,20.6917,69.6185,22.7980,37.7550
retrayendo,20.7851,69.3234,22.7578,37.7318
retrayendo,20.8979,69.0152,22.8580,37.7885
retrayendo,20.9907,68.7635,22.8852,37.8064
retrayendo,21.0955,68.5295,22.9306,37.8443
retrayendo,21.1893,68.2941,22.8768,37.8328
retrayendo,21.2923,67.9965,22.7599,37.7882
retrayendo,21.3884,67.6701,22.9510,37.8928
retrayendo,21.4911,67.4024,23.0481,37.9324
retrayendo,21.5954,67.1779,22.8272,37.8349
retrayendo,21.6882,66.9265,22.9531,37.9257
retrayendo,21.7910,66.6263,22.9567,37.9066
retrayendo,21.8946,66.3098,22.8773,37.8930
retrayendo,21.9955,66.0195,22.9541,37.9195
retrayendo,22.0879,65.8042,22.9583,37.9430
retrayendo,22.1899,65.5492,22.9510,37.9497
retrayendo,22.2931,65.2613,22.9400,37.9392
retrayendo,22.3867,64.9691,22.8836,37.9480
retrayendo,22.4869,64.6648,22.9405,37.9882
retrayendo,22.5901,64.4657,23.0293,38.0050
retrayendo,22.6949,64.2505,22.9306,37.9594
retrayendo,22.7888,63.9233,22.8471,37.9010
retrayendo,22.8912,63.6292,22.9635,37.9636
retrayendo,22.9933,63.3355,22.8559,37.9301
retrayendo,23.0868,63.0797,22.9844,38.0214
retrayendo,23.1914,62.8363,22.9327,37.9779
retrayendo,23.2957,62.5834,22.9301,38.0091
retrayendo,23.3903,62.2681,22.9478,38.0026
retrayendo,23.5001,61.9521,22.9938,38.0329
retrayendo,23.5905,61.7029,23.0491,38.0811
retrayendo,23.6949,61.4725,22.9583,38.0435
retrayendo,23.7890,61.2179,22.9807,38.0546
retrayendo,23.8924,60.9034,22.9557,38.0487
retrayendo,23.9862,60.6034,22.9525,38.0446
retrayendo,24.0917,60.3236,22.9614,38.0681
retrayendo,24.1953,60.1044,22.9907,38.0564
retrayendo,24.2899,59.8496,22.9692,38.0543
retrayendo,24.3935,59.5210,22.9933,38.0781
retrayendo,24.4868,59.2496,22.9739,38.0690
retrayendo,24.5946,58.9645,23.0564,38.1189
retrayendo,24.6883,58.7208,23.1374,38.1480
retrayendo,24.7925,58.4798,23.0314,38.0822
retrayendo,24.8869,58.1941,23.0063,38.1066
retrayendo,24.9898,57.8871,22.9651,38.0887
retrayendo,25.0958,57.6058,23.0497,38.1574
retrayendo,25.1865,57.4029,23.0925,38.1739
retrayendo,25.2905,57.1282,23.0439,38.1239
retrayendo,25.3950,56.8445,22.9828,38.0952
retrayendo,25.4875,56.5246,22.9468,38.1134
retrayendo,25.5911,56.2268,23.0596,38.1595
retrayendo,25.6940,56.0181,23.0956,38.1689
retrayendo,25.7869,55.7688,23.0194,38.1377
retrayendo,25.8905,55.4854,23.0533,38.1495
retrayendo,25.9952,55.1733,23.0737,38.1850
retrayendo,26.0885,54.8854,23.1844,38.2188
retrayendo,26.1855,54.6548,23.0794,38.1962
retrayendo,26.2951,54.4223,23.0021,38.1254
retrayendo,26.3890,54.1221,23.0789,38.2012
retrayendo,26.4927,53.8030,23.0846,38.2194
retrayendo,26.5865,53.5115,23.1285,38.2441
retrayendo,26.6853,53.2501,23.1682,38.2729
retrayendo,26.7856,53.0241,23.1416,38.2732
retrayendo,26.8890,52.7635,23.0126,38.2206
retrayendo,26.9933,52.4667,23.0470,38.2344
retrayendo,27.0860,52.1475,23.1118,38.2673
retrayendo,27.1894,51.9026,23.2115,38.2981
retrayendo,27.2874,51.6650,23.1823,38.2961
retrayendo,27.3896,51.3927,23.1118,38.2676
retrayendo,27.4931,51.1158,23.0763,38.2356
retrayendo,27.5866,50.7940,23.0867,38.2667
retrayendo,27.6911,50.5302,23.1076,38.2870
retrayendo,27.7953,50.3120,23.1510,38.3213
retrayendo,27.8897,50.0438,23.1468,38.2764
retrayendo,27.9944,49.7091,23.1489,38.2882
retrayendo,28.0878,49.4492,23.1880,38.3099
retrayendo,28.1916,49.1511,23.2225,38.3240
retrayendo,28.2870,48.9458,23.1839,38.3404
retrayendo,28.3912,48.6801,23.0815,38.2984
retrayendo,28.4852,48.4085,23.1964,38.3166
retrayendo,28.5902,48.0631,23.2261,38.3557
retrayendo,28.6943,47.8255,23.1974,38.3634
retrayendo,28.7882,47.5648,23.1536,38.3334
retrayendo,28.8939,47.3350,23.1661,38.3399
retrayendo,28.9884,47.0207,23.2653,38.3607
retrayendo,29.0925,46.7234,23.1489,38.3316
retrayendo,29.1870,46.4293,23.1750,38.3302
retrayendo,29.2909,46.2108,23.1943,38.3472
retrayendo,29.3867,45.9747,23.1520,38.3407
retrayendo,29.4899,45.6776,23.1959,38.3537
retrayendo,29.5943,45.3674,23.2277,38.3713
retrayendo,29.6875,45.0789,23.2972,38.3892
retrayendo,29.7900,44.8677,23.2507,38.4165
retrayendo,29.8920,44.6105,23.3165,38.4406
retrayendo,29.9849,44.3386,23.2658,38.4018
retrayendo,30.0896,44.0294,23.2319,38.4195
retrayendo,30.1923,43.7321,23.2371,38.3942
retrayendo,30.2854,43.4916,23.2731,38.4148
retrayendo,30.3887,43.2591,23.1839,38.3995
retrayendo,30.4927,42.9589,23.2752,38.4289
retrayendo,30.5934,42.6672,23.2298,38.4430
retrayendo,30.6897,42.3570,23.2721,38.4380
retrayendo,30.7873,42.1031,23.3567,38.4809
retrayendo,30.8891,41.8524,23.3452,38.4068
retrayendo,30.9888,41.5971,23.2517,38.3728
retrayendo,31.0929,41.2920,23.3384,38.3930
retrayendo,31.1845,41.0013,23.3019,38.3945
retrayendo,31.2871,40.7314,23.4684,38.4579
retrayendo,31.3878,40.4928,23.2105,38.3290
retrayendo,31.4932,40.2467,23.2543,38.3604
retrayendo,31.5846,39.9778,23.2209,38.3440
retrayendo,31.6858,39.6392,23.2815,38.2685
retrayendo,31.7872,39.3674,23.3771,38.1148
retrayendo,31.8957,39.1410,23.3671,38.1069
retrayendo,31.9901,38.8946,23.4596,38.1654
retrayendo,32.0863,38.6170,23.4089,38.1659
retrayendo,32.1896,38.3250,23.3995,38.1345
retrayendo,32.2921,37.9971,23.5186,38.1962
retrayendo,32.3847,37.7874,23.4434,38.1554
retrayendo,32.4907,37.5525,23.4267,38.1748
retrayendo,32.5942,37.2744,23.4094,38.1554
retrayendo,32.6867,36.9443,23.4998,38.2226
retrayendo,32.7882,36.6861,23.4888,38.2373
retrayendo,32.8902,36.4040,23.5233,38.1974
retrayendo,32.9931,36.1708,23.5609,38.2288
retrayendo,33.0875,35.9378,23.5468,38.2647
retrayendo,33.1908,35.6075,23.5400,38.2600
retrayendo,33.2934,35.3046,23.4350,38.2291
retrayendo,33.3865,35.0272,23.5838,38.3046
retrayendo,33.4902,34.8054,23.5650,38.2661
retrayendo,33.5905,34.5367,23.5300,38.2617
retrayendo,33.6929,34.2707,23.4549,38.2203
retrayendo,33.7847,33.9426,23.5744,38.2676
retrayendo,33.8877,33.6877,23.5488,38.2649
retrayendo,33.9905,33.4531,23.6538,38.2896
retrayendo,34.0945,33.2138,23.5013,38.2817
retrayendo,34.1868,32.9269,23.5186,38.2435
retrayendo,34.2891,32.6424,23.5765,38.2573
retrayendo,34.3929,32.2956,23.7149,38.3448
retrayendo,34.4861,32.0988,23.5598,38.2887
retrayendo,34.5898,31.8466,23.5671,38.2852
retrayendo,34.6928,31.5913,23.5473,38.2517
retrayendo,34.7875,31.2743,23.6042,38.3337
retrayendo,34.8901,30.9569,23.6569,38.3548
retrayendo,34.9944,30.7164,23.6512,38.3610
retrayendo,35.0874,30.4914,23.5081,38.2990
retrayendo,35.1926,30.2106,23.5656,38.3299
retrayendo,35.2863,29.9271,23.5927,38.3334
retrayendo,35.3907,29.6111,23.6653,38.4027
retrayendo,35.4932,29.3570,23.5937,38.3369
retrayendo,35.5870,29.1179,23.6465,38.3601
retrayendo,35.6970,28.8524,23.5937,38.3240
retrayendo,35.7889,28.5597,23.5922,38.3128
retrayendo,35.8926,28.2535,23.6240,38.3554
retrayendo,35.9859,28.0273,23.6705,38.3901
retrayendo,36.0902,27.7647,23.6261,38.4059
retrayendo,36.1921,27.5135,23.5290,38.3537
retrayendo,36.2939,27.2246,23.6930,38.4259
retrayendo,36.3865,26.9174,23.6219,38.3845
retrayendo,36.4891,26.6507,23.6266,38.4215
retrayendo,36.5940,26.4230,23.6742,38.4265
retrayendo,36.6874,26.1599,23.5927,38.4065
retrayendo,36.7874,25.8794,23.5421,38.3986
